<?xml version="1.0" encoding="UTF-8"?>
<project-private xmlns="http://www.netbeans.org/ns/project-private/1">
    <editor-bookmarks xmlns="http://www.netbeans.org/ns/editor-bookmarks/2" lastBookmarkId="0"/>
    <open-files xmlns="http://www.netbeans.org/ns/projectui-open-files/2">
        <group>
            <file>file:/E:/prjcode/FuHouseFinder/src/java/dao/UserDAO.java</file>
            <file>file:/E:/prjcode/FuHouseFinder/web/index.html</file>
            <file>file:/E:/prjcode/FuHouseFinder/src/java/db/DBContext.java</file>
            <file>file:/E:/prjcode/FuHouseFinder/src/java/controller/LoginServlet.java</file>
            <file>file:/E:/prjcode/FuHouseFinder/src/java/dao/impl/UserDAOImpl.java</file>
            <file>file:/E:/prjcode/FuHouseFinder/web/views/login.jsp</file>
            <file>file:/E:/prjcode/FuHouseFinder/src/java/model/User.java</file>
            <file>file:/E:/prjcode/FuHouseFinder/web/WEB-INF/web.xml</file>
        </group>
    </open-files>
</project-private>
